<?xml version="1.0" encoding="utf-8"?>
<ArrayOfDeviceDetails xmlns:xsi="http://www.w3.org/2001/XMLSchema-instance" xmlns:xsd="http://www.w3.org/2001/XMLSchema">
  <DeviceDetails>
    <HostName>Unknown</HostName>
    <IpAddress>192.168.1.3</IpAddress>
    <Type>PC</Type>
    <MacAddress>80:56:f2:2e:15:1f</MacAddress>
    <Latency>0</Latency>
  </DeviceDetails>
  <DeviceDetails>
    <HostName>Unknown</HostName>
    <IpAddress>192.168.1.6</IpAddress>
    <Type>PC</Type>
    <MacAddress>54:be:f7:88:1a:4a</MacAddress>
    <Latency>0</Latency>
  </DeviceDetails>
  <DeviceDetails>
    <HostName>Unknown</HostName>
    <IpAddress>192.168.1.1</IpAddress>
    <Type>PC</Type>
    <MacAddress>50:e5:49:32:a7:44</MacAddress>
    <Latency>3</Latency>
  </DeviceDetails>
  <DeviceDetails>
    <HostName>Default Gateway</HostName>
    <IpAddress>192.168.1.254</IpAddress>
    <Type>Router</Type>
    <MacAddress>cc:5d:4e:dc:c1:80</MacAddress>
    <Latency>43</Latency>
  </DeviceDetails>
</ArrayOfDeviceDetails>