<?xml version="1.0" encoding="utf-8"?>
<ArrayOfDeviceDetails xmlns:xsi="http://www.w3.org/2001/XMLSchema-instance" xmlns:xsd="http://www.w3.org/2001/XMLSchema">
  <DeviceDetails>
    <HostName>Router</HostName>
    <IpAddress>192.168.1.1</IpAddress>
    <Type>Router</Type>
  </DeviceDetails>
  <DeviceDetails>
    <HostName>Anna</HostName>
    <IpAddress>192.168.1.2</IpAddress>
    <Type>PC</Type>
  </DeviceDetails>
  <DeviceDetails>
    <HostName>Tony</HostName>
    <IpAddress>192.168.1.3</IpAddress>
    <Type>PC</Type>
  </DeviceDetails>
  <DeviceDetails>
    <HostName>Krystian</HostName>
    <IpAddress>192.168.1.4</IpAddress>
    <Type>PC</Type>
  </DeviceDetails>
  <DeviceDetails>
    <HostName>Printer</HostName>
    <IpAddress>192.168.1.5</IpAddress>
    <Type>Printer</Type>
  </DeviceDetails>
</ArrayOfDeviceDetails>